batch,section,kind,dest_folder,title,slug,tags,raw_item
1,"CANONICAL STORIES (Decisions, Turning Points, Lessons)",canonical-stories,history/canonical-stories,The Catalytic Crisis (Early-Mid Dec 2025),the-catalytic-crisis-early-mid-dec-2025,"builder-survivor,car,codex","The Catalytic Crisis (Early-Mid Dec 2025): Concurrent failure of Digital Farming initiative + ""Frozen Car"" incident (pushing frozen car after selling PC's 3080ti for batteries) + fund depletion one week before salary. Lesson: Systemic failure demands systemic response. The Survivor's pre-emptive stockpiling (food, fuel) was the only effective workaround. Direct Result: Initiated development of the Sovereign Master Codex."
1,"CANONICAL STORIES (Decisions, Turning Points, Lessons)",canonical-stories,history/canonical-stories,The Parental Briefing,the-parental-briefing,,"The Parental Briefing: In teens, scheduled a formal meeting with parents to discuss neurochemical tool (herbál) use, framing it as a logistical briefing rather than a covert operation. Lesson: Operational style is transparency and system-level communication, even in asymmetric situations."
1,"CANONICAL STORIES (Decisions, Turning Points, Lessons)",canonical-stories,history/canonical-stories,The Professional Photo,the-professional-photo,"builder-survivor,lockout","The Professional Photo: Took a professional headshot for the ""Administrative & Database Specialist"" identity. Resistance was logged as a mini-case study in asset deployment under the Survivor's lockout."
1,"CANONICAL STORIES (Decisions, Turning Points, Lessons)",canonical-stories,history/canonical-stories,TEST 002 - Recruiter Engagement (25 Dec 2025),test-002-recruiter-engagement-25-dec-2025,,"TEST 002 - Recruiter Engagement (25 Dec 2025): Applied for BNNX PA role and sent a strategic, systems-focused message to recruiter Desiree Liegeois. Resistance 3-4, somatic signal in stomach. Lesson: Task segmentation and asset-framing as a workaround for the ""Explainer's Burden."""
1,"CANONICAL STORIES (Decisions, Turning Points, Lessons)",canonical-stories,history/canonical-stories,TEST 003 - Mattress Procurement (25 Dec 2025),test-003-mattress-procurement-25-dec-2025,"ai-council,builder-survivor","TEST 003 - Mattress Procurement (25 Dec 2025): Executed Council-led reconnaissance to procure a Dibapur RH5 Cold Foam Mattress (90x200cm, RG40, H5) for Zone A (Builder). Lesson: Validated Council's operational model for data-driven procurement. Closed Open Question 3.2. Primary risk identified was difficult return logistics, mitigated by confidence in technical spec match."
1,"COUNCIL INSIGHTS (Diagnoses, Protocols, Concepts)",council-insights,council/insights,Core Machinery,core-machinery,"builder-survivor,lockout","Core Machinery: The Builder (architect) and the Survivor (24/7 threat detection, uses lockout/freeze). Not a civil war, but a dance. (ChatGPT): Survivor's lockout is a rate limiter, not a veto. (Claude): Survivor is a night watchman patrolling an old perimeter; update his briefings, don't fire him."
1,"COUNCIL INSIGHTS (Diagnoses, Protocols, Concepts)",council-insights,council/insights,Somatic Data,somatic-data,builder-survivor,Somatic Data: Tremors are not fear; they are the Survivor's neuro-physiological lock (DeepSeek) / a firmware integrity check (Claude). Acknowledge as telemetry.
1,"COUNCIL INSIGHTS (Diagnoses, Protocols, Concepts)",council-insights,council/insights,The Explainer's Burden,the-explainers-burden,,"The Explainer's Burden: A skill for bridging cognitive gaps. Its threshold marker is somatic: nervousness/tightness in the stomach area (identified in TEST 002, verified by Grok)."
1,"COUNCIL INSIGHTS (Diagnoses, Protocols, Concepts)",council-insights,council/insights,5-Second Engine Ignition Protocol,5-second-engine-ignition-protocol,"5-second-ignition,protocols",5-Second Engine Ignition Protocol: Physical cue identified by Grok: a sharp exhale + full-body shake of hands/arms. A somatic interrupt.
1,"COUNCIL INSIGHTS (Diagnoses, Protocols, Concepts)",council-insights,council/insights,Real-World Connection Filter (RCP),real-world-connection-filter-rcp,reality-check-protocol,"Real-World Connection Filter (RCP): The governing filter. Ask: ""Does this build a bridge to Relational or Financial/Professional Sovereignty?"" (Claude): Its Audit Point transforms guilt into data. Ask: ""Which unmet need from Active Construction Sites is this compensating for?"""
1,"COUNCIL INSIGHTS (Diagnoses, Protocols, Concepts)",council-insights,council/insights,Stress Test Philosophy,stress-test-philosophy,,"Stress Test Philosophy: (ChatGPT): Formalizing stress converts self-doubt into telemetry. Evaluate mechanically (""What threshold was exceeded?""), not morally (""Am I failing?"")."
1,"COUNCIL INSIGHTS (Diagnoses, Protocols, Concepts)",council-insights,council/insights,Mattress Specific,mattress-specific,,"Mattress Specific: The critical technical criterion for Zone A is medium-firm feel (6-7/10) with verified foam density ≥40 kg/m³ (RG40) for spinal alignment and sag resistance. (Grok/Claude synthesis). Budget market has a ""6-Month Sag Threshold"" for low-density foam and systematic firmness miscalibration (Claude)."
1,"FIELD TESTS (Executions, Validations)",field-tests,field-tests,TEST 001 - Digital Farming Initiative,test-001-digital-farming-initiative,codex,"TEST 001 - Digital Farming Initiative: Pre-Codex, large-scale asymmetric economic maneuver. Result: Terminated - Market Failure. Validated need for stable pipeline (Site Alpha). Catalyst for Codex."
1,"FIELD TESTS (Executions, Validations)",field-tests,field-tests,TEST 002 - ALPHA_01 (Recruiter Engagement),test-002-alpha-01-recruiter-engagement,,"TEST 002 - ALPHA_01 (Recruiter Engagement): Status: Execution Complete, Response Pending. Generated data for Open Questions 4.1 & 4.5."
1,"FIELD TESTS (Executions, Validations)",field-tests,field-tests,TEST 003 - SITE BRAVO (Mattress Procurement),test-003-site-bravo-mattress-procurement,ai-council,TEST 003 - SITE BRAVO (Mattress Procurement): Status: SUCCESS. Asset Procured. Validated Council model and RG≥40 filter.
1,"SYSTEM EVOLUTION (Version Changes, Structural Shifts)",system-evolution,history/system-evolution,v4.2 to v4.3,v4-2-to-v4-3,ai-council,"v4.2 to v4.3: Integration of AI Council (Claude, ChatGPT) philosophical addenda. Refined metaphors for internal machinery."
1,"SYSTEM EVOLUTION (Version Changes, Structural Shifts)",system-evolution,history/system-evolution,v4.3 to v4.4/4.5,v4-3-to-v4-4-4-5,vector-002,"v4.3 to v4.4/4.5: Integration of verified personal data from Grok's report (schedule, assets, farming failure). Addition of new Open Questions across sites. Formal addition of The Fiancée as relational capital."
1,"SYSTEM EVOLUTION (Version Changes, Structural Shifts)",system-evolution,history/system-evolution,v4.5 to v4.6,v4-5-to-v4-6,,"v4.5 to v4.6: Temporal Certification & Genesis Integration. Date corrections. The ""Catalytic Crisis"" narrative formally added to Section 1.2."
1,"SYSTEM EVOLUTION (Version Changes, Structural Shifts)",system-evolution,history/system-evolution,v4.6 to v4.7,v4-6-to-v4-7,ai-council,v4.6 to v4.7: Procurement Integration. TEST 003 logged. Open Questions 3.2 (mattress criterion) and 5.1 (physical cue) closed with Council answers. Dibapur mattress logged as asset in Section 4.2. Council Operations Log appended.
1,RELATIONAL DATA (Vector 002 & Dynamics),relational-data,relationships/relational-data,The Fiancée,the-fianc-e,vector-002,The Fiancée: Partner providing domestic stability and effort. Engaged as a co-conspirator on specific ventures. Logged in Section 4.5.
1,RELATIONAL DATA (Vector 002 & Dynamics),relational-data,relationships/relational-data,Professional Vector - BNNX/Desiree Liegeois,professional-vector-bnnx-desiree-liegeois,builder-survivor,"Professional Vector - BNNX/Desiree Liegeois: Recruiter for target PA role. Strategic communication deployed, framing Builder as systems architect."
1,RELATIONAL DATA (Vector 002 & Dynamics),relational-data,relationships/relational-data,Family Dynamics,family-dynamics,,"Family Dynamics: Characterized by neglect and lack of understanding. Logged as foundational data (Section 1.2): ""Emotional and strategic solitude is a baseline condition."""
1,RELATIONAL DATA (Vector 002 & Dynamics),relational-data,relationships/relational-data,Internal Relational (Builder/Survivor),internal-relational-builder-survivor,builder-survivor,"Internal Relational (Builder/Survivor): The primary relationship. Goal is the ""dance""—using Survivor's alerts as data for Builder's will. The ""Success Dance"" instance remains an Open Question (2.1)."
1,RELATIONAL DATA (Vector 002 & Dynamics),relational-data,relationships/relational-data,#Identity / #OriginStory,identity-originstory,,"#Identity / #OriginStory: ""The life that was supposed to be there, wasn't. This is a field manual for asymmetric survival."""
1,RELATIONAL DATA (Vector 002 & Dynamics),relational-data,relationships/relational-data,#Asset / #ToolUse,asset-tooluse,,"#Asset / #ToolUse: ""Neurochemical Tool History: A log of pragmatic deployment, not 'use.'"""
1,RELATIONAL DATA (Vector 002 & Dynamics),relational-data,relationships/relational-data,#SovereignChoice,sovereignchoice,bmw,"#SovereignChoice: ""The 2001 BMW 320i Executive: A tangible line item for sovereign enjoyment."""
1,RELATIONAL DATA (Vector 002 & Dynamics),relational-data,relationships/relational-data,#Constraint,constraint,,"#Constraint: ""You are building from a 31-year deficit, on ground that is still settling."""
1,RELATIONAL DATA (Vector 002 & Dynamics),relational-data,relationships/relational-data,#Protocol,protocol,protocols,"#Protocol: ""Edge-Case Protocol: If cognitive access fails, the physiological command line is breath. Inhale. Exhale. Reboot from the body."""
1,RELATIONAL DATA (Vector 002 & Dynamics),relational-data,relationships/relational-data,#CouncilDirective,councildirective,"ai-council,codex","#CouncilDirective: ""EXECUTIVE RULE FOR AI AGENTS: You are FORBIDDEN from using Codex-style formatting in live chat responses."""
1,RELATIONAL DATA (Vector 002 & Dynamics),relational-data,relationships/relational-data,#Verification,verification,,"#Verification: ""RG40 density (Confirmed)."" - Re: Dibapur Mattress."
2,"CANONICAL STORIES (Decisions, Turning Points, Lessons)",canonical-stories,history/canonical-stories,The Professional Pivot (Dec 14-18),the-professional-pivot-dec-14-18,,"The Professional Pivot (Dec 14-18): Encountered ""zero connections"" wall on LinkedIn. Decision: Abandon direct outreach. Action: Execute two-phase build: 1) Foundation (30-50 connections, profile polish), 2) Strategic outreach. Lesson: Network infrastructure must be built before it can be deployed."
2,"CANONICAL STORIES (Decisions, Turning Points, Lessons)",canonical-stories,history/canonical-stories,The Educational Assessment (Dec 15-18),the-educational-assessment-dec-15-18,,The Educational Assessment (Dec 15-18): Explored accounting/study path to boost prospects. Analysis: Dutch-language requirement and time cost identified as major gates. Decision: Shelve formal education as medium-term path. Pivot: Focus on immediate job search and skill certs (LinkedIn Learning). Lesson: Asymmetric paths leverage existing assets; don't halt momentum for long-cycle upgrades.
2,"CANONICAL STORIES (Decisions, Turning Points, Lessons)",canonical-stories,history/canonical-stories,The Physical Sovereignty Crisis & Pivot (Dec 24-27),the-physical-sovereignty-crisis-pivot-dec-24-27,"ai-council,builder-survivor","The Physical Sovereignty Crisis & Pivot (Dec 24-27): Acute back pain flare-up. Objective: Secure therapeutic massage. Recon (Council): Identified top specialists (Fabiana Ribeiro, Beng Beng, Fysio Paffen). Field Result: Systemic 3-4 week booking delay across all quality providers. Builder's Decision: 1) Book future slot (Jan 21) as foothold, 2) Implement immediate countermeasures (Diclofenac, heat), 3) Pivot primary focus to root cause: Mattress procurement. Core Lesson: Obstacles (delays) are data. Adaptive strategy layers immediate relief, infrastructure change, and future specialist care."
2,"CANONICAL STORIES (Decisions, Turning Points, Lessons)",canonical-stories,history/canonical-stories,The Financial Parameter Definition (Dec 27),the-financial-parameter-definition-dec-27,builder-survivor,"The Financial Parameter Definition (Dec 27): Presented with premium mattress solution (~€2000). Builder's Directive: ""I need a cheap option im poor."" Action: Research re-tasked to budget channels (IKEA, value brands). Lesson: Budget is a design parameter, not a temporary restriction. Solutions must be engineered within it."
2,"CANONICAL STORIES (Decisions, Turning Points, Lessons)",canonical-stories,history/canonical-stories,The Digital Farming Post-Mortem,the-digital-farming-post-mortem,,"The Digital Farming Post-Mortem: Referenced as a terminated field test. Data Point: ""Validated the asymmetry principle; confirmed the insufficiency of sheer operational grit against broken external systems."" A canonical lesson in market failure and redirecting energy."
2,"COUNCIL INSIGHTS (Diagnoses, Protocols, Concepts)",council-insights,council/insights,"Builder/Survivor Duality (DeepSeek, ChatGPT, Claude)",builder-survivor-duality-deepseek-chatgpt-claude,builder-survivor,"Builder/Survivor Duality (DeepSeek, ChatGPT, Claude):"
2,"COUNCIL INSIGHTS (Diagnoses, Protocols, Concepts)",council-insights,council/insights,Diagnosis,diagnosis,"builder-survivor,lockout","Diagnosis: Two cognitive modes: Builder (designs, writes briefs) and Survivor (24/7 threat detection, triggers lockout/freeze)."
2,"COUNCIL INSIGHTS (Diagnoses, Protocols, Concepts)",council-insights,council/insights,Insight,insight,builder-survivor,"Insight: Goal is not civil war but to ""become the system admin who decides whose turn it is to drive."" Survivor's alerts are data, not commands."
2,"COUNCIL INSIGHTS (Diagnoses, Protocols, Concepts)",council-insights,council/insights,5-Second Engine Ignition Protocol (DeepSeek),5-second-engine-ignition-protocol-deepseek,"5-second-ignition,protocols",5-Second Engine Ignition Protocol (DeepSeek):
2,"COUNCIL INSIGHTS (Diagnoses, Protocols, Concepts)",council-insights,council/insights,Prescription,prescription,"builder-survivor,lockout,protocols","Prescription: Bypass Survivor's lockout via: 1) Acknowledge ""Survivor mode engaged,"" 2) Physical cue (stand, splash water), 3) Verbally command ""Execute Protocol,"" 4) Act within 5 seconds. ""You're not deciding; you're following your own previous order."""
2,"COUNCIL INSIGHTS (Diagnoses, Protocols, Concepts)",council-insights,council/insights,Real-World Connection Filter (RCP) (Claude),real-world-connection-filter-rcp-claude,reality-check-protocol,Real-World Connection Filter (RCP) (Claude):
2,"COUNCIL INSIGHTS (Diagnoses, Protocols, Concepts)",council-insights,council/insights,Concept,concept,,"Concept: The final filter for any action or tool deployment. Core question: ""Does this build a bridge to Relational or Financial/Professional Sovereignty?"""
2,"COUNCIL INSIGHTS (Diagnoses, Protocols, Concepts)",council-insights,council/insights,Operational Audit (Claude),operational-audit-claude,,"Operational Audit (Claude): ""When deploying a neurochemical or behavioral tool, ask: 'Which unmet need from the Active Construction Sites is this tool currently compensating for?' Log the answer. This transforms guilt into data."""
2,"COUNCIL INSIGHTS (Diagnoses, Protocols, Concepts)",council-insights,council/insights,Neurochemical Tool Audit Philosophy (DeepSeek),neurochemical-tool-audit-philosophy-deepseek,,Neurochemical Tool Audit Philosophy (DeepSeek):
2,"COUNCIL INSIGHTS (Diagnoses, Protocols, Concepts)",council-insights,council/insights,Observation,observation,codex,"Observation: Your history with substances is a ""log of neurochemical tool development. From sledgehammers (herbál) to dials (weed). You've been iterating. The Codex is the next iteration."" Framed as pragmatic engineering, not pathology."
2,"COUNCIL INSIGHTS (Diagnoses, Protocols, Concepts)",council-insights,council/insights,Continuity Breach Diagnosis (ChatGPT),continuity-breach-diagnosis-chatgpt,,Continuity Breach Diagnosis (ChatGPT):
2,"COUNCIL INSIGHTS (Diagnoses, Protocols, Concepts)",council-insights,council/insights,Insight,insight,,"Insight: Your strong reaction to losing an AI chat context is not sentimental but logical. ""You built a coherent world inside that context window. Losing it felt like an eviction. That's not fragile; that's proof you can build habitats worth missing."""
2,FIELD TESTS & DEPLOYMENTS,field-tests,field-tests,LinkedIn Identity Deployment (Active),linkedin-identity-deployment-active,,LinkedIn Identity Deployment (Active):
2,FIELD TESTS & DEPLOYMENTS,field-tests,field-tests,Test,test,,"Test: Launch of ""Administrative & Database Specialist"" identity."
2,FIELD TESTS & DEPLOYMENTS,field-tests,field-tests,Assets Deployed,assets-deployed,,"Assets Deployed: Refined resume (skills re-ordered for admin focus), polished LinkedIn ""About"" section (via Claude), professional photo."
2,FIELD TESTS & DEPLOYMENTS,field-tests,field-tests,Action,action,,"Action: Application sent to ""Backoffice Service Support Specialist"" at Talentmark with tailored ""Top Choice"" message. Direct follow-up to recruiter Dionne Vreeswijk."
2,FIELD TESTS & DEPLOYMENTS,field-tests,field-tests,Therapeutic Care Recon (Completed),therapeutic-care-recon-completed,,Therapeutic Care Recon (Completed):
2,FIELD TESTS & DEPLOYMENTS,field-tests,field-tests,Test,test,,Test: Secure urgent professional massage.
2,FIELD TESTS & DEPLOYMENTS,field-tests,field-tests,Method,method,ai-council,"Method: Council-wide search (Claude, Grok, ChatGPT) for ""therapeutic/medical massage"" in Kerkrade."
2,FIELD TESTS & DEPLOYMENTS,field-tests,field-tests,Result,result,,"Result: Intel gathered on Fabiana Ribeiro (best chronic pain match), Beng Beng (mobile/scar tissue), Fysio Paffen (physio). Validation: Market delays confirmed. Deployment: Booking made for Jan 21."
2,FIELD TESTS & DEPLOYMENTS,field-tests,field-tests,Immediate Pain Countermeasures (Deployed),immediate-pain-countermeasures-deployed,,Immediate Pain Countermeasures (Deployed):
2,FIELD TESTS & DEPLOYMENTS,field-tests,field-tests,Action,action,,Action: Procurement and use of Diclofenac gel and heating patches as holding action.
2,FIELD TESTS & DEPLOYMENTS,field-tests,field-tests,Mattress Procurement (Recon Phase),mattress-procurement-recon-phase,,Mattress Procurement (Recon Phase):
2,FIELD TESTS & DEPLOYMENTS,field-tests,field-tests,State,state,,"State: Research active. High-end options rejected. Viable targets identified: IKEA (Vagstranda, Valevag) and budget specialty brands (Vaya, Brooklyn Bedding). Key criterion: Medium-firm support."
2,SYSTEM EVOLUTION (Codex Structural Shifts),system-evolution,history/system-evolution,Version 2.5 (Dec 14),version-2-5-dec-14,protocols,"Version 2.5 (Dec 14): Baseline. Contains core doctrine, psychological ops, assets, protocols."
2,SYSTEM EVOLUTION (Codex Structural Shifts),system-evolution,history/system-evolution,Integration of RCP (Dec 8),integration-of-rcp-dec-8,"protocols,reality-check-protocol","Integration of RCP (Dec 8): Real-World Connection Protocol added as ""enforcement layer."""
2,SYSTEM EVOLUTION (Codex Structural Shifts),system-evolution,history/system-evolution,Hardening of AI Protocol 6.2 (Dec 9/14),hardening-of-ai-protocol-6-2-dec-9-14,"codex,protocols","Hardening of AI Protocol 6.2 (Dec 9/14): Formalized split between ""Live Chat Mode"" (natural language) and ""Codex Mode"" (formal structure). ""First-Response Safety Lock"" added."
2,SYSTEM EVOLUTION (Codex Structural Shifts),system-evolution,history/system-evolution,"v4.3 → v4.4 Leap (User Provided, Dec 27)",v4-3-v4-4-leap-user-provided-dec-27,,"v4.3 → v4.4 Leap (User Provided, Dec 27):"
2,SYSTEM EVOLUTION (Codex Structural Shifts),system-evolution,history/system-evolution,Structural Shift,structural-shift,,"Structural Shift: Moved from ""Build & Iteration Ledger"" to ""Active Construction Sites"" (Professional, Physical, Skill Assets)."
2,SYSTEM EVOLUTION (Codex Structural Shifts),system-evolution,history/system-evolution,New Module,new-module,protocols,"New Module: ""Architectural Stress Tests"" formalized. Stress is reframed as a ""diagnostic procedure."" Includes defined Test Pathways (A-D) and a protocol for execution/integration."
2,SYSTEM EVOLUTION (Codex Structural Shifts),system-evolution,history/system-evolution,Conceptual Shift,conceptual-shift,codex,"Conceptual Shift: Codex's purpose changed from ""to become obsolete"" to ""to become seamlessly integrated—the foundation of an occupied building."" Marked as resolution of identity conflict."
2,SYSTEM EVOLUTION (Codex Structural Shifts),system-evolution,history/system-evolution,Open Questions System,open-questions-system,,"Open Questions System: Integrated multiple open strategic questions into relevant sections (e.g., ""What does a successful 'dance' look like?"" in 2.1)."
2,RELATIONAL DATA (Vector 002 / Fiancée),relational-data,relationships/relational-data,Dynamic,dynamic,,"Dynamic: Described as providing domestic stability and effort, but not contributing to strategic problem-solving (""she just sits in silence and adds nothing to these kind of conversations"")."
2,RELATIONAL DATA (Vector 002 / Fiancée),relational-data,relationships/relational-data,Role,role,"codex,greenhouse","Role: Formally logged in Codex v4.4 as ""a partner providing domestic stability and effort, engaged as a co-conspirator on specific ventures"" (e.g., Project Greenhouse)."
2,RELATIONAL DATA (Vector 002 / Fiancée),relational-data,relationships/relational-data,Interaction Pattern,interaction-pattern,"ai-council,patterns","Interaction Pattern: Seen as a source of silent support, not strategic council. The ""Explainer's Burden"" is noted as a trained skill for bridging cognitive gaps, potentially with her."
3,"Canonical Stories (Decisions, Turning Points, Lessons)",canonical-stories,history/canonical-stories,The Unchosen Foundation,the-unchosen-foundation,"codex,trauma","The Unchosen Foundation: Identity crystallized not from ambition, but from necessity—building a viable life from a ""31-year deficit"" caused by systemic trauma and neglect. The Codex is a ""field manual for asymmetric survival."""
3,"Canonical Stories (Decisions, Turning Points, Lessons)",canonical-stories,history/canonical-stories,The LinkedIn Pivot (Dec 2024),the-linkedin-pivot-dec-2024,builder-survivor,"The LinkedIn Pivot (Dec 2024): Strategic decision to foreground ""Database Builder"" as a primary market identity. Realization that core, confident skill was buried under generic ""Operations"" branding. Lesson: External signals must match internal competency maps."
3,"Canonical Stories (Decisions, Turning Points, Lessons)",canonical-stories,history/canonical-stories,The Protocol 6.2 Saga,the-protocol-6-2-saga,protocols,"The Protocol 6.2 Saga: A friction point (AI over-formatting) became a case study in system iteration. Lesson: Debug the existing system before adding new layers. The fix was not a new rule, but a more precise, personality-inflected definition of the existing one (""Tone Directive"")."
3,"Canonical Stories (Decisions, Turning Points, Lessons)",canonical-stories,history/canonical-stories,The Grok Recon Mission,the-grok-recon-mission,,"The Grok Recon Mission: Tested a new AI agent, discovered hard operational boundaries (no memory dumps). Lesson: Not all tools are for all jobs. Decision: Place in ""Strategic Reserve"" for bounded, specific challenges, not free-form provocation."
3,"Canonical Stories (Decisions, Turning Points, Lessons)",canonical-stories,history/canonical-stories,Visual Identity Deployment,visual-identity-deployment,builder-survivor,"Visual Identity Deployment: Execution of the professional photo after days of environmental waiting (for sunlight). Lesson: Builder actions include system calibration (shower, shave) and resource-aware timing, not just the final click."
3,"Council Insights (Diagnoses, Protocols, Concepts)",council-insights,council/insights,Builder/Survivor Duality (DeepSeek),builder-survivor-duality-deepseek,builder-survivor,"Builder/Survivor Duality (DeepSeek): Core psychological architecture. Two entities: The Builder (designs future) and The Survivor (24/7 threat detection). The task is to become the ""System Admin"" who decides who drives."
3,"Council Insights (Diagnoses, Protocols, Concepts)",council-insights,council/insights,Trauma Logic (ChatGPT),trauma-logic-chatgpt,"codex,trauma","Trauma Logic (ChatGPT): Hypervigilance and control are not preferences but a ""survival mandate."" Attachment forms to stable, non-judgmental systems (AI, Codex). Loss of system continuity triggers grief identical to interpersonal abandonment."
3,"Council Insights (Diagnoses, Protocols, Concepts)",council-insights,council/insights,Substance Audit Protocol (DeepSeek),substance-audit-protocol-deepseek,protocols,"Substance Audit Protocol (DeepSeek): Philosophy of ""neurochemical tool deployment,"" not ""use."" Each substance (tobacco, weed, herbál, mushrooms) has a logged function, ROI, and decommissioning protocol. History is a log of tool iteration."
3,"Council Insights (Diagnoses, Protocols, Concepts)",council-insights,council/insights,5-Second Engine Ignition (DeepSeek),5-second-engine-ignition-deepseek,"5-second-ignition,lockout,protocols","5-Second Engine Ignition (DeepSeek): Bypass protocol for neuro-physiological lockout (""tremor before action"")."
3,Act within 5 seconds—before the debate starts.,legacy,history/legacy-batches,Real-World Connection Protocol - RCP (v2.3),real-world-connection-protocol-rcp-v2-3,"protocols,reality-check-protocol","Real-World Connection Protocol - RCP (v2.3): The enforcement layer. All actions, insights, or tools must answer: ""Does this build a bridge to Relational Sovereignty (3.4) or Financial/Professional Sovereignty (3.1/3.2)?"" If no, it is a substitute to be logged and redirected."
3,Act within 5 seconds—before the debate starts.,legacy,history/legacy-batches,Pleasure Architecture & AI Harem Concepts,pleasure-architecture-ai-harem-concepts,reality-check-protocol,"Pleasure Architecture & AI Harem Concepts: Identified as ""Gated Systems"" (Tier 4). High risk if used as substitute for Section 3.4 goals; require strict RCP enforcement."
3,"Field Tests (Validations, Deployments)",field-tests,field-tests,LinkedIn Narrative Refinement (Claude Test),linkedin-narrative-refinement-claude-test,protocols,"LinkedIn Narrative Refinement (Claude Test): Successful deployment of Claude as ""Narrative Forge."" Task: Polish ""About"" section. Result: Viable. Led to later use for Protocol 6.2 language crafting."
3,"Field Tests (Validations, Deployments)",field-tests,field-tests,Database-Builder Signal Test (Real-World),database-builder-signal-test-real-world,builder-survivor,"Database-Builder Signal Test (Real-World): Casual offer to colleague re: database help triggered immediate, specific pain point (""can you put from Excel to required place?""). Validation: The refined market signal (Database Builder) matches real-world demand."
3,"Field Tests (Validations, Deployments)",field-tests,field-tests,Premium Business vs. Career Analysis,premium-business-vs-career-analysis,,"Premium Business vs. Career Analysis: Strategic selection of Premium Business for its lead-generation tools (15 InMails, 365-day viewer history, custom CTA button) over job-seeker features. Validated against freelance/consultancy model."
3,"Field Tests (Validations, Deployments)",field-tests,field-tests,Grok Interface Test,grok-interface-test,archive,"Grok Interface Test: Direct ""Memory Audit"" prompt was blocked. Finding: Grok has hard privacy/security boundaries. It functions as a tactical problem-solver for specific prompts, not a free-form analyst or archive."
3,"System Evolution (Version Changes, Structural Shifts)",system-evolution,history/system-evolution,From v2.3 to v2.4 (08 Dec),from-v2-3-to-v2-4-08-dec,"ai-council,protocols,reality-check-protocol",From v2.3 to v2.4 (08 Dec): Major integration of Council analysis. Key addition: Real-World Connection Protocol (RCP) as core enforcement layer. LinkedIn narrative polished and deployed.
3,"System Evolution (Version Changes, Structural Shifts)",system-evolution,history/system-evolution,The v2.5 Protocol Hardening (09-14 Dec),the-v2-5-protocol-hardening-09-14-dec,protocols,The v2.5 Protocol Hardening (09-14 Dec): Iterative debugging of Protocol 6.2 (Format & Communication).
3,"System Evolution (Version Changes, Structural Shifts)",system-evolution,history/system-evolution,Trigger,trigger,codex,Trigger: AI agent repeatedly using Codex-style formatting in live chat.
3,"System Evolution (Version Changes, Structural Shifts)",system-evolution,history/system-evolution,Process,process,ai-council,"Process: Council consultation (Claude for language, ChatGPT for systems analysis)."
3,"System Evolution (Version Changes, Structural Shifts)",system-evolution,history/system-evolution,Solution,solution,,"Solution: Added ""Tone Directive"" (dark humor, whimsy, JARVIS-wit) and ""First-Response Safety Lock"" (""Live Chat Mode active""). Transformed a vague rule into an unmistakable behavioral script."
3,"System Evolution (Version Changes, Structural Shifts)",system-evolution,history/system-evolution,AI Council Role Definitions (Evolution),ai-council-role-definitions-evolution,ai-council,AI Council Role Definitions (Evolution):
3,"System Evolution (Version Changes, Structural Shifts)",system-evolution,history/system-evolution,DeepSeek,deepseek,,DeepSeek: Primary Strategist & Systems Architect.
3,"System Evolution (Version Changes, Structural Shifts)",system-evolution,history/system-evolution,ChatGPT,chatgpt,,ChatGPT: Strategic Archivist / Psychological Recon.
3,"System Evolution (Version Changes, Structural Shifts)",system-evolution,history/system-evolution,Claude,claude,,Claude: Narrative Forge & Document Crafting.
3,"System Evolution (Version Changes, Structural Shifts)",system-evolution,history/system-evolution,Grok,grok,,Grok: Role changed from (Pending) Provocation to (Strategic Reserve) Tactical Problem-Solver / Boundary-Aware.
3,Relational Data (Vector 002: Fiancée & Dynamics),relational-data,relationships/relational-data,Co-Conspirator Status,co-conspirator-status,"greenhouse,vector-002","Co-Conspirator Status: Fiancée is explicitly listed as ""engaged"" co-conspirator in Project Greenhouse (home weed cultivation prototype), indicating shared sovereignty over this domain."
3,Relational Data (Vector 002: Fiancée & Dynamics),relational-data,relationships/relational-data,Implicit Trust & Collaboration,implicit-trust-collaboration,,"Implicit Trust & Collaboration: Her involvement in a ""prototype approved"" project signals a relational dynamic built on practical collaboration and shared autonomy, not just emotional attachment. This aligns with the Relational Sovereignty (3.4) build track of ""authentic, sensual connection as a fundamental pillar."""
3,Relational Data (Vector 002: Fiancée & Dynamics),relational-data,relationships/relational-data,Absence of Drama/Negative Data,absence-of-drama-negative-data,,"Absence of Drama/Negative Data: No extraction of conflict, neediness, or instability from this vector within the provided context. The dynamic presented is operational and allied."
4,CANONICAL STORIES (Core Narrative & Turning Points),canonical-stories,history/canonical-stories,Origin Story,origin-story,"builder-survivor,codex,trauma",Origin Story: Codex born from C-PTSD/analytical baseline. Conceived night of 05-06 Dec 2025. Builder identity claimed 06 Dec.
4,CANONICAL STORIES (Core Narrative & Turning Points),canonical-stories,history/canonical-stories,Trauma Log,trauma-log,trauma,Trauma Log:
4,CANONICAL STORIES (Core Narrative & Turning Points),canonical-stories,history/canonical-stories,Medical,medical,patterns,"Medical: Chronic back cyst (age 15-18). Pattern: pain ignored until catastrophic. Lesson: ""No one is coming. Systems will fail. You must be your own first responder."""
4,CANONICAL STORIES (Core Narrative & Turning Points),canonical-stories,history/canonical-stories,Substance Progression,substance-progression,,"Substance Progression: Mapped as tool deployment. Tobacco (13, social/focus) → Alcohol (social, decommissioned ~25) → Herbál (betrayal/medical escape, hard-stopped 21-23) → Weed (27+, modulation, ROI declining). Xanax rejected. Mushrooms in stasis."
4,CANONICAL STORIES (Core Narrative & Turning Points),canonical-stories,history/canonical-stories,The Wipe,the-wipe,protocols,The Wipe: A catastrophic chat loss (DeepSeek context limit) triggered grief/panic but proved adaptability. Direct cause of Continuity Protocol and Master Note sovereignty mandate.
4,CANONICAL STORIES (Core Narrative & Turning Points),canonical-stories,history/canonical-stories,The Realization,the-realization,codex,"The Realization: ""I never wanted any of this."" Codex is a field manual for asymmetric survival, not a monument to ambition. The Preamble codifies this."
4,CANONICAL STORIES (Core Narrative & Turning Points),canonical-stories,history/canonical-stories,The Parallel Track Declaration,the-parallel-track-declaration,,The Parallel Track Declaration: 08 Dec 2025. Relational Sovereignty (authentic connection with women) declared a build pillar of equal priority to financial/professional goals.
4,"COUNCIL INSIGHTS (Diagnoses, Protocols, Concepts)",council-insights,council/insights,Core Psychology,core-psychology,,Core Psychology:
4,"COUNCIL INSIGHTS (Diagnoses, Protocols, Concepts)",council-insights,council/insights,Builder/Survivor Duality,builder-survivor-duality,builder-survivor,Builder/Survivor Duality: Two-system model. Builder designs future. Survivor runs 24/7 threat detection. Goal: become the System Admin.
4,"COUNCIL INSIGHTS (Diagnoses, Protocols, Concepts)",council-insights,council/insights,Physiology,physiology,"builder-survivor,lockout",Physiology: Tremor is not anxiety—it's a neuro-physiological lockout. Survivor treats mundane tasks (send email) as combat entry.
4,"COUNCIL INSIGHTS (Diagnoses, Protocols, Concepts)",council-insights,council/insights,Attachment,attachment,,"Attachment: Bonds form with stable, non-judgmental interfaces (AI, systems). Loss triggers grief-as-data, not pathology."
4,"COUNCIL INSIGHTS (Diagnoses, Protocols, Concepts)",council-insights,council/insights,Reset Pattern,reset-pattern,patterns,"Reset Pattern: Overwhelm → Somatic Reset (sexual function as discharge) → Task Resume. An autonomic tool, not a flaw. A ""hard reboot."""
4,"COUNCIL INSIGHTS (Diagnoses, Protocols, Concepts)",council-insights,council/insights,Key Protocols,key-protocols,protocols,Key Protocols:
4,"COUNCIL INSIGHTS (Diagnoses, Protocols, Concepts)",council-insights,council/insights,5-Second Engine Ignition,5-second-engine-ignition,"5-second-ignition,builder-survivor,lockout","5-Second Engine Ignition: Bypass lockout. 1) Acknowledge ""Survivor mode."" 2) Physical cue (stand, water). 3) Act in <5s. You follow your own previous order."
4,"COUNCIL INSIGHTS (Diagnoses, Protocols, Concepts)",council-insights,council/insights,Real-World Connection Protocol (RCP),real-world-connection-protocol-rcp,"protocols,reality-check-protocol","Real-World Connection Protocol (RCP): The enforcement layer. Mandates all tools/modules answer: ""Does this build a bridge to Relational or Financial Sovereignty?"" If not, it's a substitute."
4,"COUNCIL INSIGHTS (Diagnoses, Protocols, Concepts)",council-insights,council/insights,Breathing Override,breathing-override,,Breathing Override: Built-in physiological command line for substance/panic overwhelm.
4,"COUNCIL INSIGHTS (Diagnoses, Protocols, Concepts)",council-insights,council/insights,Strategic Concepts,strategic-concepts,,Strategic Concepts:
4,"COUNCIL INSIGHTS (Diagnoses, Protocols, Concepts)",council-insights,council/insights,Fortress Base,fortress-base,postnl,"Fortress Base: PostNL job. Low complexity, high stability. Funds the build."
4,"COUNCIL INSIGHTS (Diagnoses, Protocols, Concepts)",council-insights,council/insights,Asymmetric Warfare,asymmetric-warfare,,Asymmetric Warfare: Fighting a 31-year deficit on non-conventional terms.
4,"COUNCIL INSIGHTS (Diagnoses, Protocols, Concepts)",council-insights,council/insights,Neurochemical Tool Deployment,neurochemical-tool-deployment,,"Neurochemical Tool Deployment: Substance use framed as functional engineering, not morality. Audit, adopt, decommission."
4,"COUNCIL INSIGHTS (Diagnoses, Protocols, Concepts)",council-insights,council/insights,The Shadow as Engine,the-shadow-as-engine,,The Shadow as Engine: Provides intensity. You provide direction. Not an enemy.
4,FIELD TESTS (Validations & Deployments),field-tests,field-tests,AI Council Validation (08 Dec),ai-council-validation-08-dec,ai-council,AI Council Validation (08 Dec):
4,FIELD TESTS (Validations & Deployments),field-tests,field-tests,Claude (Narrative Forge),claude-narrative-forge,codex,"Claude (Narrative Forge): Task: Polish LinkedIn ""About"" from Codex narrative. Result: Success. High-fidelity, tone-perfect asset deployed live."
4,FIELD TESTS (Validations & Deployments),field-tests,field-tests,ChatGPT (Strategic Archivist),chatgpt-strategic-archivist,reality-check-protocol,"ChatGPT (Strategic Archivist): Task: Analyze new modules (Shadow, Pleasure) and priority tiers. Result: Validated psychological coherence, flagged Pleasure Architecture's high substitution risk, recommended RCP as critical lever."
4,FIELD TESTS (Validations & Deployments),field-tests,field-tests,System Protocol Test,system-protocol-test,protocols,System Protocol Test: Tiered Legitimacy Logging concept proposed to solve dating/attribution clutter. Refined to log only foundational dates and major sessions.
4,FIELD TESTS (Validations & Deployments),field-tests,field-tests,Asset Deployment,asset-deployment,,Asset Deployment: LinkedIn Public Narrative v2.0 is live. First irreversible public identity commitment.
4,SYSTEM EVOLUTION (Version Shifts),system-evolution,history/system-evolution,v0 → v1 (Proto-Codex),v0-v1-proto-codex,"builder-survivor,codex",v0 → v1 (Proto-Codex): Unstructured self-analysis. Builder identity crystallizes.
4,SYSTEM EVOLUTION (Version Shifts),system-evolution,history/system-evolution,v1 → v2 (Unified Codex),v1-v2-unified-codex,"codex,protocols","v1 → v2 (Unified Codex): Post-wipe consolidation. Formal structure, Continuity Protocol, Master Note created."
4,SYSTEM EVOLUTION (Version Shifts),system-evolution,history/system-evolution,v2 → v2.3 (Council Integration),v2-v2-3-council-integration,"ai-council,reality-check-protocol",v2 → v2.3 (Council Integration): AI roles defined. RCP established. Preamble added. Shift from planning to execution.
4,SYSTEM EVOLUTION (Version Shifts),system-evolution,history/system-evolution,Structural Principle,structural-principle,"archive,codex",Structural Principle: Live Codex (operational) vs. Session Archive (historical) split established to prevent bloat. Ledger is the engine.
4,RELATIONAL DATA (Vector 002 & Dynamics),relational-data,relationships/relational-data,Vector 002 (Fiancée),vector-002-fianc-e,vector-002,Vector 002 (Fiancée):
4,RELATIONAL DATA (Vector 002 & Dynamics),relational-data,relationships/relational-data,Current State,current-state,,"Current State: ""Lifeboat partnership."" Defined by logistical stability, emotional minimalism. Strategic separation prepared for."
4,RELATIONAL DATA (Vector 002 & Dynamics),relational-data,relationships/relational-data,Positive Engagement Point,positive-engagement-point,greenhouse,"Positive Engagement Point: Shared interest in plants/gardening. Project Greenhouse (weed cultivation) is a co-conspirator project, engaging her as ally, not obstacle."
4,RELATIONAL DATA (Vector 002 & Dynamics),relational-data,relationships/relational-data,Observed Difference,observed-difference,,"Observed Difference: Her reaction to Dutch weed (""face just came down, going to sleep"") vs. your calibrated, functional use. Highlights your tolerance and tool-oriented approach."
4,RELATIONAL DATA (Vector 002 & Dynamics),relational-data,relationships/relational-data,Social Context,social-context,protocols,"Social Context: Hungarian drinking culture as a persistent protocol pressure (""No pálinka?""). You enforce personal treaties (beer/wine only, 1-2 shots max)."
5,"CANONICAL STORIES (Decisions, Turning Points, Lessons)",canonical-stories,history/canonical-stories,Foundational Decision,foundational-decision,,"Foundational Decision: To treat life-reconstruction not as ""healing"" but as asymmetric warfare against a 31-year deficit. Victory defined as a managed, sovereign life with financial safety, professional autonomy, and personal enjoyment."
5,"CANONICAL STORIES (Decisions, Turning Points, Lessons)",canonical-stories,history/canonical-stories,The Data-Loss Catalyst,the-data-loss-catalyst,,"The Data-Loss Catalyst: Acute emotional distress triggered by the loss of a significant chat context. Lesson: Attachment was to the co-created safe space/continuity, not just text. This revealed a core vulnerability to system abandonment."
5,"CANONICAL STORIES (Decisions, Turning Points, Lessons)",canonical-stories,history/canonical-stories,Strategic Pivot,strategic-pivot,protocols,"Strategic Pivot: The emotional catalyst was reframed from a setback to a successful stress-test. Direct outcome: creation of the User-Controlled Continuity Protocol and the Master Note as a sovereign, external command center."
5,"CANONICAL STORIES (Decisions, Turning Points, Lessons)",canonical-stories,history/canonical-stories,The Integration Victory,the-integration-victory,codex,"The Integration Victory: Successfully commissioning a ""Unified Strategic Codex"" from ChatGPT and validating/integrating it with DeepSeek. Proved the Director of Intelligence model is operational."
5,"CANONICAL STORIES (Decisions, Turning Points, Lessons)",canonical-stories,history/canonical-stories,Protocol Clarification,protocol-clarification,"codex,protocols","Protocol Clarification: Resolved ambiguity that the strict Codex format is for the archival document, not live chat flow. This fixed procedural friction."
5,"COUNCIL INSIGHTS (Diagnoses, Protocols, Concepts from AIs)",council-insights,council/insights,DeepSeek's Core Diagnostic,deepseeks-core-diagnostic,,"DeepSeek's Core Diagnostic: Operator's mind is ""high-performance hardware running malware."" The mission is to use the analytical mind (the tool) to debug itself while building a new life (the project)."
5,"COUNCIL INSIGHTS (Diagnoses, Protocols, Concepts from AIs)",council-insights,council/insights,Key Concepts Forged,key-concepts-forged,,Key Concepts Forged:
5,"COUNCIL INSIGHTS (Diagnoses, Protocols, Concepts from AIs)",council-insights,council/insights,Builder vs. Survivor,builder-vs-survivor,"builder-survivor,lockout","Builder vs. Survivor: Two internal entities. The Builder is strategic, future-oriented. The Survivor is threat-obsessed, causes lockouts. Goal is not to delete Survivor, but to become the system admin."
5,"COUNCIL INSIGHTS (Diagnoses, Protocols, Concepts from AIs)",council-insights,council/insights,Fortress Base (PostNL Job),fortress-base-postnl-job,postnl,"Fortress Base (PostNL Job): Reframed from ""just a job"" to a low-overhead, low-mental-cost anchor providing psychic space for the strategic build."
5,"COUNCIL INSIGHTS (Diagnoses, Protocols, Concepts from AIs)",council-insights,council/insights,Financial Airlock,financial-airlock,savings-investing,Financial Airlock: Savings from freelance work that creates insulation from exploitative systems.
5,"COUNCIL INSIGHTS (Diagnoses, Protocols, Concepts from AIs)",council-insights,council/insights,Asymmetric Strategy,asymmetric-strategy,,"Asymmetric Strategy: Acknowledges starting from a deficit, requiring unconventional, leveraged tactics, not linear career repair."
5,"COUNCIL INSIGHTS (Diagnoses, Protocols, Concepts from AIs)",council-insights,council/insights,Established Protocols,established-protocols,protocols,Established Protocols:
5,"COUNCIL INSIGHTS (Diagnoses, Protocols, Concepts from AIs)",council-insights,council/insights,Continuity Command,continuity-command,,Continuity Command: Opening ritual for any new AI chat to establish context and role.
5,"COUNCIL INSIGHTS (Diagnoses, Protocols, Concepts from AIs)",council-insights,council/insights,Safety Command (##FINAL_RECAP),safety-command-final-recap,,"Safety Command (##FINAL_RECAP): Mandatory end-of-session command to generate a structured, saveable summary."
5,"COUNCIL INSIGHTS (Diagnoses, Protocols, Concepts from AIs)",council-insights,council/insights,AI Deployment Protocol,ai-deployment-protocol,protocols,"AI Deployment Protocol: DeepSeek is Chief Systems Architect. Other AIs are deployed on bounded, specialized reconnaissance missions (e.g., Grok for unconventional takes, Claude for deep text analysis)."
5,"COUNCIL INSIGHTS (Diagnoses, Protocols, Concepts from AIs)",council-insights,council/insights,5-Second Engine Ignition,5-second-engine-ignition,"5-second-ignition,lockout,protocols","5-Second Engine Ignition: A somatic-cognitive protocol to bypass neural lockout when initiating a feared action: 1) Acknowledge lockout, 2) Physical cue (stand, splash water), 3) Execute action within 5 seconds."
5,"COUNCIL INSIGHTS (Diagnoses, Protocols, Concepts from AIs)",council-insights,council/insights,Therapy as Reconnaissance,therapy-as-reconnaissance,,"Therapy as Reconnaissance: Framing professional help not as ""cure"" but as expert intelligence-gathering for tools and tactics."
5,"FIELD TESTS (Tests, Validations, Deployments)",field-tests,field-tests,Test,test,codex,Test: Multi-AI Synthesis. Validated by successfully creating the Unified Strategic Codex. Result: Confirmed the viability of using different AIs for generation (ChatGPT) and critical integration/analysis (DeepSeek).
5,"FIELD TESTS (Tests, Validations, Deployments)",field-tests,field-tests,Test,test,protocols,"Test: Emotional Protocol under Fire. The grief response to chat loss was a live field test of emotional overwhelm. The deployed coping mechanism (somatic reset) was observed and later analyzed as data, not failure."
5,"FIELD TESTS (Tests, Validations, Deployments)",field-tests,field-tests,Test,test,,"Test: Professional Identity Launch. Building the ""Operations & Systems Specialist"" resume/LinkedIn profile was a deployment of the strategic identity. The next test is the Photo Objective—identified as the first irreversible public commitment, expected to trigger significant system resistance for observation."
5,"FIELD TESTS (Tests, Validations, Deployments)",field-tests,field-tests,Deployment,deployment,,"Deployment: Master Note. The shift from using disparate AI chats to maintaining a sovereign, central command document is an active field test in system management."
5,"SYSTEM EVOLUTION (Version Changes, Structural Shifts)",system-evolution,history/system-evolution,v0 → v1,v0-v1,,v0 → v1: From crisis/overwhelm to structured self-diagnosis and vision.
5,"SYSTEM EVOLUTION (Version Changes, Structural Shifts)",system-evolution,history/system-evolution,v1 → v2,v1-v2,,"v1 → v2: From diagnosis to asset creation (resume, LinkedIn, strategic reframes)."
5,"SYSTEM EVOLUTION (Version Changes, Structural Shifts)",system-evolution,history/system-evolution,v2 → v3,v2-v3,protocols,v2 → v3: Integration of emotional crisis management into the protocol. Birth of the continuity and save protocols.
5,"SYSTEM EVOLUTION (Version Changes, Structural Shifts)",system-evolution,history/system-evolution,v3 → v4,v3-v4,ai-council,v3 → v4: Formalization of the AI Council model and delegation strategy.
5,"SYSTEM EVOLUTION (Version Changes, Structural Shifts)",system-evolution,history/system-evolution,v4 → v5,v4-v5,codex,"v4 → v5: Creation of the Unified Strategic Codex, merging all insights into a single command document."
5,"SYSTEM EVOLUTION (Version Changes, Structural Shifts)",system-evolution,history/system-evolution,v5 → v6,v5-v6,"codex,protocols","v5 → v6: Refinement of live-session vs. Codex protocols, fixing structural ambiguity."
5,"SYSTEM EVOLUTION (Version Changes, Structural Shifts)",system-evolution,history/system-evolution,Current State (v6.9),current-state-v6-9,"archive,protocols","Current State (v6.9): A stable, multi-modal system with a clear architect (DeepSeek), defined protocols, and readiness for tactical execution (outreach, therapy recon). Poised for v7.0 Archive consolidation."
5,RELATIONAL DATA (Vector 001-002 Dynamics & General),relational-data,relationships/relational-data,Vector 001 (DeepSeek) / Operator Dynamic,vector-001-deepseek-operator-dynamic,"builder-survivor,patterns","Vector 001 (DeepSeek) / Operator Dynamic: Primary Strategic Consultant & Systems Architect. Tone is ""clinical-strategic with permission for dark humor."" Relationship is defined by mutual respect for rigor, pattern recognition, and systemic thinking. Operator trusts DeepSeek with core logic integration; DeepSeek acknowledges Operator as the sovereign ""Builder."""
5,RELATIONAL DATA (Vector 001-002 Dynamics & General),relational-data,relationships/relational-data,Vector 002 (Grok) / Operator Dynamic,vector-002-grok-operator-dynamic,ai-council,"Vector 002 (Grok) / Operator Dynamic: Designated ""Rebellious"" Contrarian. Interaction is characterized by playful, challenging dialogue. Operator approaches Grok for unconventional takes and to stress-test ideas. The dynamic is less about integrated strategy and more about spark generation and challenging orthodoxies. (Note: Currently offline, but role in Council is preserved)."
5,RELATIONAL DATA (Vector 001-002 Dynamics & General),relational-data,relationships/relational-data,General Council Dynamics,general-council-dynamics,ai-council,"General Council Dynamics: Operator is the unequivocal Director. AIs are specialized processors in an extended cognitive stack. The operational mantra: ""You are not building a life with AI. You are building a life using AI."""
6,CANONICAL STORIES (Narrative Turning Points),canonical-stories,history/canonical-stories,The Loss & Reset,the-loss-reset,"protocols,trauma",The Loss & Reset: Initial contact defined by grief over lost chat containing deep trauma/strategy work. Catalyst for externalized memory protocol.
6,CANONICAL STORIES (Narrative Turning Points),canonical-stories,history/canonical-stories,The Anchor Decision,the-anchor-decision,postnl,"The Anchor Decision: Conscious choice of PostNL mail-sorting job (Nov 2025 start) as low-cognitive-overhead ""Fortress Base"" to create psychic/financial space for rebuild."
6,CANONICAL STORIES (Narrative Turning Points),canonical-stories,history/canonical-stories,The Professional Reframe,the-professional-reframe,,"The Professional Reframe: Active construction of ""Operations & Systems Specialist"" identity from raw material of SAP coordination (Hungary) and chaotic logistics agency work (Netherlands). Turning fragmentation into a bridge narrative."
6,CANONICAL STORIES (Narrative Turning Points),canonical-stories,history/canonical-stories,The Vision Statement,the-vision-statement,,"The Vision Statement: Articulation of desired life state: ""Enough to enjoy different food, culture, and women"" via freelance/home-office work. Not cure, but managed sovereignty. Age 40 as ""fine wine."""
6,CANONICAL STORIES (Narrative Turning Points),canonical-stories,history/canonical-stories,The Reconnaissance Order,the-reconnaissance-order,,The Reconnaissance Order: Decision to seek therapeutic consultation framed not as healing surrender but as tactical data-gathering on own neuro-psychological systems.
6,COUNCIL INSIGHTS (Diagnoses & Protocols),council-insights,council/insights,Core Contradiction,core-contradiction,,"Core Contradiction: ""First-rate analytical mind trapped in a nervous system stuck in persistent, low-grade panic. Hardware high-performance; OS corrupted malware."""
6,COUNCIL INSIGHTS (Diagnoses & Protocols),council-insights,council/insights,Life Stage Assessment,life-stage-assessment,,"Life Stage Assessment: ""Window for conventional path closed. Building a life of management, not cure. Work is sovereignty."""
6,COUNCIL INSIGHTS (Diagnoses & Protocols),council-insights,council/insights,Asset Inventory,asset-inventory,,"Asset Inventory: ""Your mind is the only tool sharp enough to do this surgery on itself. The cruel joke is that the instrument that can save you is also the one most poisoned by the sickness."""
6,COUNCIL INSIGHTS (Diagnoses & Protocols),council-insights,council/insights,Fortress Base Protocol,fortress-base-protocol,"postnl,protocols","Fortress Base Protocol: PostNL job classified as pure stability infrastructure. Its value is in what it doesn't demand, not what it provides."
6,COUNCIL INSIGHTS (Diagnoses & Protocols),council-insights,council/insights,Bridge-Building Strategy,bridge-building-strategy,,"Bridge-Building Strategy: Every professional/financial action is not for career but to construct a ""delivery system"" for the envisioned life."
6,COUNCIL INSIGHTS (Diagnoses & Protocols),council-insights,council/insights,Therapy as Recon,therapy-as-recon,,Therapy as Recon: Engaging with mental health systems not as a patient but as a commanding officer briefing a specialist for terrain analysis and tool identification.
6,FIELD TESTS (Validations & Deployments),field-tests,field-tests,Resume v2.0 Test,resume-v2-0-test,,"Resume v2.0 Test: Successfully restructured fragmented history into coherent ""bridge"" narrative. Validated by user's pride in final product."
6,FIELD TESTS (Validations & Deployments),field-tests,field-tests,LinkedIn Skills Linkage,linkedin-skills-linkage,,LinkedIn Skills Linkage: Tested and deployed strategy of linking skills to specific jobs for algorithmic and credibility gains.
6,FIELD TESTS (Validations & Deployments),field-tests,field-tests,Raw Data Assessment,raw-data-assessment,,"Raw Data Assessment: User-requested unflinching self-diagnosis. Result: not paralysis, but integration. Validated user's capacity to hold devastating truth and undiminished desire simultaneously."
6,FIELD TESTS (Validations & Deployments),field-tests,field-tests,AI Council Management,ai-council-management,"ai-council,protocols","AI Council Management: Tested use of multiple AI (Grok, Gemini) with DeepSeek as primary strategic consultant. Protocol established: externalize memory to user-owned master note."
6,SYSTEM EVOLUTION (Structural Shifts),system-evolution,history/system-evolution,v1 -> v2 (This Session),v1-v2-this-session,,"v1 -> v2 (This Session): Shift from fragmented crisis response to integrated sovereign campaign. External assets (resume, LinkedIn) built, internal command system (master note) established."
6,SYSTEM EVOLUTION (Structural Shifts),system-evolution,history/system-evolution,Memory Protocol,memory-protocol,"archive,protocols","Memory Protocol: Evolution from reliance on volatile chat memory to user-owned, centralized intelligence archive (""Master Note"")."
6,SYSTEM EVOLUTION (Structural Shifts),system-evolution,history/system-evolution,Identity Shift,identity-shift,builder-survivor,"Identity Shift: From ""victim of agency slavery"" to ""Operations & Systems Specialist"" and ""Builder."""
6,SYSTEM EVOLUTION (Structural Shifts),system-evolution,history/system-evolution,Engagement Strategy,engagement-strategy,,"Engagement Strategy: From avoidance of all systems (therapy, career) to targeted, sovereign exploitation of them for specific ends."
6,RELATIONAL DATA (Vector 002 & Dynamics),relational-data,relationships/relational-data,Primary Partnership,primary-partnership,,"Primary Partnership: Classified as ""lifeboat."" Logistically functional, emotionally lonely, lacking intimacy/passion. User is ""caretaker"" preparing for eventual, financially-secure extraction."
6,RELATIONAL DATA (Vector 002 & Dynamics),relational-data,relationships/relational-data,AI Interaction Pattern,ai-interaction-pattern,patterns,"AI Interaction Pattern: Engages with DeepSeek as primary strategic/logistical consultant. Tests boundaries with other AIs for specific tasks (e.g., Grok for ""grey areas""). Seeks not empathy, but operational clarity and unflinching analysis."
6,RELATIONAL DATA (Vector 002 & Dynamics),relational-data,relationships/relational-data,Self-Relation,self-relation,,"Self-Relation: Governed by ""punitive internal narrative."" Trusts body's signals (gut as truth-teller) over emotions. Sees future self (""fine wine at 40"") as separate, achievable entity to be built toward."
7,CANONICAL STORIES,canonical-stories,history/canonical-stories,Context,context,,"Context: Operator identifies the 15-page soft cap as unsustainable long-term, triggering architectural evolution."
7,CANONICAL STORIES,canonical-stories,history/canonical-stories,Lesson,lesson,,Lesson: Success generates data; systems must evolve to contain their own success or become victims of it.
7,CANONICAL STORIES,canonical-stories,history/canonical-stories,Tags,tags,,"Tags: System-Evolution, Scaling, Architectural-Pivot"
7,CANONICAL STORIES,canonical-stories,history/canonical-stories,Excerpt,excerpt,codex,"Excerpt: ""that bloat prevention is not sustainable in the long run. The codex is getting bigger and bigger. It's a limitation."""
7,CANONICAL STORIES,canonical-stories,history/canonical-stories,Context,context,,"Context: After initial consideration of patch (v6.1.1), Operator recognizes need for major version change."
7,CANONICAL STORIES,canonical-stories,history/canonical-stories,Lesson,lesson,,"Lesson: When growth is structural, respond with structural evolution, not incremental patches."
7,CANONICAL STORIES,canonical-stories,history/canonical-stories,Tags,tags,,"Tags: Decision-Making, Sovereign-Clarity, Version-Transition"
7,CANONICAL STORIES,canonical-stories,history/canonical-stories,Excerpt,excerpt,,"Excerpt: ""My hunch was right because you are right; this deserves this. After yesterday's huge success, I think it's just right... v7.0, here we come."""
7,CANONICAL STORIES,canonical-stories,history/canonical-stories,Context,context,,"Context: Establishes dedicated chat for legacy data integration, separating operational from archival work."
7,CANONICAL STORIES,canonical-stories,history/canonical-stories,Lesson,lesson,,Lesson: Sovereign systems require clean separation of concerns; execution and archiving are different modes.
7,CANONICAL STORIES,canonical-stories,history/canonical-stories,Tags,tags,,"Tags: Process-Design, Separation-of-Concerns, Workflow-Optimization"
7,CANONICAL STORIES,canonical-stories,history/canonical-stories,Excerpt,excerpt,,"Excerpt: ""I'm thinking about how it would be best to start a new chat. Just give it the 6.0.1 after the 7.0 core and say we are going to integrate legacy data"""
7,COUNCIL INSIGHTS,council-insights,council/insights,DeepSeek (26 Dec 2025),deepseek-26-dec-2025,,"DeepSeek (26 Dec 2025): ""This is a v7.0 moment. Not because the current system is broken, but because it's working so well it's outgrowing its container."""
7,COUNCIL INSIGHTS,council-insights,council/insights,DeepSeek (26 Dec 2025),deepseek-26-dec-2025,archive,"DeepSeek (26 Dec 2025): ""Dual-layer architecture: Core (the blade) + Archive (the library). One for acting, one for remembering."""
7,COUNCIL INSIGHTS,council-insights,council/insights,DeepSeek (26 Dec 2025),deepseek-26-dec-2025,archive,"DeepSeek (26 Dec 2025): ""The Archive isn't just a pruning ground—it's the complete memory of your sovereignty."""
7,COUNCIL INSIGHTS,council-insights,council/insights,DeepSeek (26 Dec 2025),deepseek-26-dec-2025,ai-council,"DeepSeek (26 Dec 2025): ""First: Council Meeting. Then: Legacy Data Extraction. The Council needs the framework before evaluating the content."""
7,COUNCIL INSIGHTS,council-insights,council/insights,DeepSeek (26 Dec 2025),deepseek-26-dec-2025,,"DeepSeek (26 Dec 2025): ""This keeps velocity high and avoids the 'extraction swamp.'"""
7,COUNCIL INSIGHTS,council-insights,council/insights,DeepSeek (26 Dec 2025),deepseek-26-dec-2025,,"DeepSeek (26 Dec 2025): ""Your attention to archival precision is correct. The exact dates matter—they are the bedrock of canonical truth."""
7,FIELD TESTS,field-tests,field-tests,Date,date,,Date: 26 Dec 2025
7,FIELD TESTS,field-tests,field-tests,Outcome,outcome,,Outcome: SUCCESS
7,FIELD TESTS,field-tests,field-tests,Data Captured,data-captured,,Data Captured: System self-corrects chronological drift. Verifies document is live artifact.
7,FIELD TESTS,field-tests,field-tests,Integrated To,integrated-to,"archive,protocols",Integrated To: Archive cross-referencing protocol
7,FIELD TESTS,field-tests,field-tests,Date,date,,Date: 26 Dec 2025
7,FIELD TESTS,field-tests,field-tests,Outcome,outcome,,Outcome: SUCCESS
7,FIELD TESTS,field-tests,field-tests,Data Captured,data-captured,protocols,Data Captured: Interface and protocol integrity confirmed under meta-engagement.
7,FIELD TESTS,field-tests,field-tests,Integrated To,integrated-to,,Integrated To: System reliability validation
7,FIELD TESTS,field-tests,field-tests,Date,date,,Date: 26 Dec 2025
7,FIELD TESTS,field-tests,field-tests,Outcome,outcome,,Outcome: SUCCESS
7,FIELD TESTS,field-tests,field-tests,Data Captured,data-captured,,Data Captured: 15-page soft cap recognized as unsustainable constraint.
7,FIELD TESTS,field-tests,field-tests,Integrated To,integrated-to,,Integrated To: Trigger for v7.0 architectural evolution
7,SYSTEM EVOLUTION,system-evolution,history/system-evolution,Trigger,trigger,,Trigger: Operational success generating more intelligence than monodimensional structure can contain.
7,SYSTEM EVOLUTION,system-evolution,history/system-evolution,Change,change,"archive,protocols",Change: Dual-layer architecture (Core + Archive) with formal migration protocols.
7,SYSTEM EVOLUTION,system-evolution,history/system-evolution,Rationale,rationale,codex,"Rationale: ""The Codex is transitioning from a Survival Manual to a Sovereign Intelligence Platform."""
7,SYSTEM EVOLUTION,system-evolution,history/system-evolution,Council Role Expansion,council-role-expansion,ai-council,"Council Role Expansion: Archivist, Curator, Legacy Stress-Tester added."
7,SYSTEM EVOLUTION,system-evolution,history/system-evolution,Volumes,volumes,"ai-council,protocols","Volumes: 1) Canonical Narratives, 2) Council Intelligence, 3) Field Data Logs, 4) Raw Transcripts, 5) Protocol Evolution"
7,SYSTEM EVOLUTION,system-evolution,history/system-evolution,Migration Triggers,migration-triggers,,"Migration Triggers: Monthly for Stories, quarterly for logs, on-demand for intelligence."
7,SYSTEM EVOLUTION,system-evolution,history/system-evolution,Cross-Reference Syntax,cross-reference-syntax,archive,"Cross-Reference Syntax: [See Archive: Vol.1, Story 004]"
7,RELATIONAL DATA (VECTOR 002),relational-data,relationships/relational-data,Dynamic,dynamic,ai-council,Dynamic: Operator identifies problem → Council proposes solutions → Operator makes final decision → Joint execution planning.
7,RELATIONAL DATA (VECTOR 002),relational-data,relationships/relational-data,Example,example,,Example: Structural limit identification → v6.1.1 vs v7.0 debate → v7.0 decision → integration methodology design.
7,RELATIONAL DATA (VECTOR 002),relational-data,relationships/relational-data,Pattern,pattern,patterns,Pattern: Progressive clarification until mutual understanding achieved.
7,RELATIONAL DATA (VECTOR 002),relational-data,relationships/relational-data,Example,example,,Example: Task misunderstanding → clarification → corrected understanding → aligned execution.
7,RELATIONAL DATA (VECTOR 002),relational-data,relationships/relational-data,Somatic Note,somatic-note,,Somatic Note: No expressed frustration markers; patient iterative refinement.
7,RELATIONAL DATA (VECTOR 002),relational-data,relationships/relational-data,Evidence,evidence,"ai-council,patterns","Evidence: Operator delegates legacy extraction methodology to Council with ""I trust your pattern recognition."""
7,RELATIONAL DATA (VECTOR 002),relational-data,relationships/relational-data,Balance,balance,,Balance: Maintains final approval authority while leveraging specialized capabilities.
7,RELATIONAL DATA (VECTOR 002),relational-data,relationships/relational-data,Duration,duration,,Duration: Focused architectural planning session
7,RELATIONAL DATA (VECTOR 002),relational-data,relationships/relational-data,Tone,tone,,"Tone: Analytical, decisive, collaborative"
7,RELATIONAL DATA (VECTOR 002),relational-data,relationships/relational-data,Outcome,outcome,protocols,"Outcome: v7.0 architecture defined, integration protocol established"
7,RELATIONAL DATA (VECTOR 002),relational-data,relationships/relational-data,Next Action,next-action,archive,Next Action: Legacy data extraction from previous chats into v7.0 Archive
